method,kps_ref,kps_tgt,good_matches,inliers,inlier_ratio,drift_px,status
SIFT,230,238,145,130,0.897,18.9713134765625,ok
ORB,696,733,322,294,0.913,19.954870223999023,ok
AKAZE,103,111,72,67,0.931,19.45176887512207,ok
